,media,mediana,moda,std,varianza,mínimo,máximo,cuartil 25%,cuartil 50%,cuartil 75%
age,16.696202531645568,17.0,16,1.2760427246056252,1.6282850350189473,15,22,16.0,17.0,18.0
failures,0.3341772151898734,0.0,0,0.743650973606249,0.553016770545522,0,3,0.0,0.0,0.0
absences,5.708860759493671,4.0,0,8.003095687108177,64.04954057700951,0,75,0.0,4.0,8.0
G1,10.90886075949367,11.0,10,3.319194671507668,11.017053267364897,3,19,8.0,11.0,13.0
G2,10.713924050632912,11.0,9,3.761504659556034,14.148917303861756,0,19,9.0,11.0,13.0
G3,10.415189873417722,11.0,10,4.5814426109978434,20.989616397866737,0,20,8.0,11.0,14.0
